ID,distracting_gazes_count,count,mean,std,min,25%,50%,75%,max
01_AA_T1,38,939.0,0.6185002396166135,0.3648962338651631,0.000524,0.263221,0.76558,0.934504,0.998127
01_AA_T2,38,939.0,0.6185002396166135,0.3648962338651631,0.000524,0.263221,0.76558,0.934504,0.998127
