player_ID,platform_ID,task_ID,distracting_gazes_count,mean,std,min,25%,50%,75%,max
01,AA,T1,38,0.6185002396166135,0.3648962338651631,0.000524,0.263221,0.76558,0.934504,0.998127
01,AA,T2,38,0.6185002396166135,0.3648962338651631,0.000524,0.263221,0.76558,0.934504,0.998127
